47.589,-122.227
35.2243,-119.2017
44.0181,-114.4226
44.7212,-70.2491
44.8777,-122.6556
45.5387,-122.2177
45.5602,-122.1727
45.5603,-122.1726
45.5669,-122.3371
45.5707,-122.3132
45.5774,-122.1167
45.5776,-121.7925
45.5776,-122.1172
45.5824,-122.768
45.589,-122.1787
45.5894,-122.392
45.5908,-122.0685
45.5994,-122.5455
45.5998,-122.4081
45.6013,-122.1111
45.6039,-122.4071
45.6124,-122.0044
45.6152,-122.0534
45.6192,-122.0273
45.6214,-122.0233
45.6291,-122.0219
45.6325,-122.02
45.6325,-122.02
45.6345,-122.615
45.6354,-116.4808
45.6359,-122.5802
45.6359,-122.5802
45.6363,-121.7426
45.6367,-122.46
45.638,-122.0318
45.6383,-121.9202
45.643,-122.0127
45.6455,-121.9573
45.6479,-121.9795
45.6503,-121.9326
45.6505,-121.9331
45.6507,-121.0992
45.6507,-121.9349
45.6534,-122.6621
45.6554,-121.9607
45.6568,-121.0866
45.6569,-121.0864
45.6589,-122.0218
45.6624,-121.8965
45.6733,-122.6903
45.679,-122.7429
45.681,-121.246
45.6828,-121.3005
45.6855,-122.7614
45.6861,-121.4012
45.6883,-121.6908
45.6947,-121.2918
45.6949,-121.0925
45.6972,-121.2898
45.6991,-121.7062
45.6993,-121.7066
45.6993,-121.4148
45.6997,-121.4034
45.7,-121.4034
45.7029,-121.6186
45.7034,-121.4873
45.7075,-122.6658
45.7104,-121.3622
45.7214,-122.2693
45.7282,-121.024
45.7423,-122.191
45.7447,-122.0078
45.7451,-122.695
45.7557,-122.5071
45.7673,-122.2433
45.7682,-122.2428
45.7682,-122.2428
45.772,-121.6711
45.7737,-122.2774
45.7757,-122.3378
45.7873,-122.2224
45.7976,-121.7412
45.8001,-121.4707
45.8026,-121.9325
45.803,-122.4914
45.8072,-122.2496
45.8077,-121.9405
45.8101,-121.9436
45.815,-121.9662
45.8282,-121.8356
45.8286,-122.3877
45.8305,-118.1697
45.831,-122.7466
45.8326,-122.3918
45.8464,-122.1112
45.8575,-121.4566
45.8653,-122.7043
45.8674,-121.8263
45.8747,-121.9846
45.8785,-122.0829
45.8785,-122.0829
45.8813,-121.9865
45.8817,-121.9836
45.8817,-121.9836
45.8819,-121.9801
45.8846,-122.0001
45.8919,-121.5741
45.8919,-121.5741
45.9042,-121.7063
45.908,-121.9475
45.908,-121.8024
45.908,-121.9475
45.9371,-121.8204
45.9406,-122.2294
45.943,-122.1854
45.943,-122.1854
45.9465,-122.1779
45.9465,-122.1779
45.9466,-122.1773
45.9487,-121.9353
45.9654,-121.342
45.9731,-121.3419
45.9811,-121.7582
45.9813,-121.758
46.0057,-121.8391
46.0097,-121.9017
46.0184,-121.7748
46.0221,-117.0276
46.0223,-117.5466
46.0303,-121.6874
46.0426,-118.9404
46.0462,-122.1949
46.0471,-121.7561
46.0471,-121.7561
46.048,-121.7548
46.0603,-121.9707
46.0608,-121.9721
46.0618,-117.8441
46.0635,-118.9532
46.066,-118.2644
46.0678,-118.9027
46.0801,-117.1685
46.0847,-121.5023
46.0851,-121.6576
46.0888,-117.6277
46.0916,-117.8454
46.0917,-121.7662
46.0932,-121.48
46.0938,-121.7683
46.0939,-121.9073
46.0993,-122.2136
46.1022,-121.9065
46.1029,-121.4346
46.1035,-122.216
46.1083,-122.2115
46.1116,-122.0183
46.1127,-117.7468
46.1182,-117.7144
46.1192,-117.5367
46.1192,-117.5367
46.1216,-121.5612
46.1292,-122.9428
46.1298,-121.8392
46.1298,-121.8392
46.1352,-122.1569
46.1359,-117.8087
46.1365,-121.498
46.1373,-122.1569
46.1393,-121.4376
46.1405,-121.5977
46.1426,-122.1827
46.1435,-122.2351
46.1458,-122.1834
46.1458,-122.1834
46.1461,-122.1835
46.1471,-121.7537
46.1543,-122.1018
46.1605,-121.5436
46.1607,-121.4026
46.1632,-121.8736
46.1647,-122.0921
46.1654,-122.089
46.1691,-122.2601
46.1691,-122.2601
46.1695,-122.2614
46.1701,-121.6292
46.1716,-117.7212
46.1725,-121.9305
46.1731,-121.9257
46.1826,-122.0546
46.1827,-121.8489
46.1886,-117.6253
46.1887,-117.6185
46.189,-117.6194
46.1978,-121.7813
46.1989,-121.0593
46.2001,-117.8164
46.2022,-122.2677
46.2043,-117.7058
46.2061,-117.7059
46.2087,-121.9018
46.2133,-121.9163
46.2303,-121.8654
46.2323,-121.6272
46.2367,-119.2976
46.2376,-122.1442
46.2423,-119.3457
46.248,-121.8154
46.2489,-122.1361
46.2497,-122.1363
46.2499,-122.1361
46.2499,-122.1362
46.2542,-123.921
46.2565,-123.4364
46.2615,-117.2987
46.2629,-121.6329
46.2649,-122.9009
46.2693,-121.5786
46.2728,-121.565
46.2745,-122.1042
46.2756,-121.7435
46.2765,-122.2165
46.2765,-122.2165
46.2765,-122.2165
46.2766,-121.5992
46.2767,-122.2168
46.2778,-121.7943
46.2869,-122.2717
46.2869,-122.2717
46.2881,-124.0755
46.2884,-121.5528
46.2885,-121.5525
46.2896,-118.0713
46.2915,-122.2671
46.2915,-122.2671
46.293,-121.596
46.2951,-121.8889
46.296,-122.0782
46.3045,-122.0819
46.3045,-122.0819
46.3045,-122.0819
46.3049,-122.0825
46.3051,-122.0826
46.3084,-121.5401
46.3095,-121.5429
46.3246,-119.0254
46.3254,-121.506
46.3255,-121.5058
46.3305,-121.574
46.3306,-124.0625
46.3332,-121.7936
46.3354,-121.7434
46.3354,-121.7434
46.3468,-122.0348
46.3479,-119.4708
46.3501,-122.1098
46.3518,-122.0637
46.3563,-122.07
46.3661,-121.8458
46.3768,-123.9651
46.3817,-121.8304
46.3905,-118.6804
46.3911,-121.6179
46.3965,-121.7653
46.3965,-121.7653
46.3999,-121.8702
46.4037,-121.7358
46.4122,-123.94
46.4176,-122.1724
46.4228,-121.4736
46.4229,-121.501
46.4231,-121.4713
46.4231,-121.4713
46.4236,-121.4725
46.4291,-121.9878
46.4294,-122.1548
46.4305,-122.1525
46.4306,-122.1528
46.4323,-121.7626
46.4323,-121.7626
46.4387,-121.8526
46.4388,-121.852
46.4393,-121.6029
46.4487,-121.8355
46.4577,-121.506
46.4587,-121.5308
46.4597,-121.8693
46.4623,-121.9601
46.4642,-121.519
46.4649,-121.8974
46.4669,-121.5274
46.4669,-121.5265
46.4684,-121.7049
46.493,-121.3068
46.4998,-121.7832
46.5062,-121.0425
46.5077,-121.5806
46.5084,-121.2812
46.5164,-121.263
46.5184,-121.5944
46.5254,-121.6674
46.5457,-121.6222
46.5485,-122.5272
46.5522,-118.1829
46.5628,-121.7092
46.5641,-121.5999
46.5687,-121.5996
46.5702,-120.3113
46.5768,-121.3582
46.5768,-121.3582
46.5768,-121.3584
46.5814,-121.8327
46.5919,-120.4533
46.5961,-118.2179
46.597,-124.0521
46.5979,-124.0456
46.607,-124.0438
46.6079,-121.6282
46.6084,-121.6271
46.6216,-121.0625
46.6225,-121.301
46.625,-120.5322
46.6254,-120.7397
46.6257,-121.4459
46.6267,-121.5892
46.6299,-120.6629
46.6302,-123.2319
46.6306,-121.0813
46.6315,-121.4267
46.6343,-121.4036
46.6344,-121.3033
46.6362,-121.3027
46.6388,-119.3893
46.6397,-121.3924
46.6431,-121.3792
46.6438,-121.3801
46.6447,-121.3823
46.6447,-121.3823
46.6449,-121.3813
46.645,-121.3824
46.645,-121.3811
46.6475,-122.9741
46.6532,-121.5705
46.6551,-121.359
46.6555,-121.4862
46.6564,-121.8434
46.6579,-121.3602
46.6593,-120.7556
46.6598,-120.757
46.6617,-121.219
46.6636,-118.2281
46.6664,-121.8913
46.6772,-119.4445
46.6957,-121.4808
46.6998,-121.9925
46.7059,-121.9927
46.7064,-120.8905
46.7069,-121.937
46.7079,-121.4982
46.7127,-120.476
46.7129,-121.4896
46.7131,-121.7158
46.7134,-122.9448
46.7152,-121.166
46.7161,-121.7155
46.7161,-123.7426
46.7192,-120.8344
46.723,-121.4366
46.7244,-121.7174
46.7267,-120.8114
46.7279,-120.8137
46.7326,-121.5692
46.733,-121.5693
46.733,-121.5693
46.7344,-121.8388
46.7354,-121.8566
46.7362,-121.856
46.7364,-121.8555
46.7364,-119.9582
46.7371,-120.4291
46.7461,-121.6766
46.7465,-121.794
46.7485,-121.8078
46.7486,-120.7982
46.7497,-121.8107
46.7497,-121.8107
46.7497,-121.8106
46.7497,-121.8106
46.7497,-121.8106
46.7498,-121.8137
46.75,-121.813
46.7501,-121.8123
46.7502,-120.8153
46.7503,-121.8122
46.7512,-121.5747
46.7516,-121.5571
46.7517,-121.8124
46.752,-121.3615
46.752,-121.3615
46.7523,-121.7895
46.7562,-121.5627
46.7575,-121.8057
46.758,-121.5576
46.7591,-121.5579
46.7602,-121.6391
46.7603,-122.0384
46.7621,-121.9454
46.7629,-121.734
46.7653,-121.6362
46.7653,-121.6362
46.7656,-121.6349
46.7656,-121.6357
46.7657,-121.6355
46.7666,-121.6991
46.7666,-121.6991
46.7666,-121.6991
46.7677,-121.7077
46.7678,-121.7071
46.7681,-123.0245
46.7683,-121.7314
46.7686,-121.7297
46.7689,-121.724
46.7689,-121.724
46.7698,-121.8258
46.7734,-121.9446
46.7734,-121.9446
46.7735,-121.9474
46.7746,-121.9479
46.7746,-121.9479
46.7753,-121.7466
46.7762,-121.7371
46.779,-121.7823
46.779,-121.7823
46.779,-121.8844
46.7829,-121.7284
46.7834,-121.8876
46.7838,-121.8871
46.7848,-121.7414
46.7849,-121.7351
46.7852,-121.7416
46.7858,-121.7372
46.786,-121.735
46.786,-121.735
46.786,-121.735
46.786,-121.735
46.786,-121.735
46.786,-121.735
46.7862,-121.7354
46.7862,-121.7354
46.7863,-121.7362
46.7864,-121.7365
46.7867,-121.7336
46.7919,-119.4462
46.7952,-120.4584
46.7957,-121.8415
46.7973,-121.8276
46.7973,-121.8276
46.8018,-121.5551
46.8125,-121.1298
46.8126,-121.3018
46.8141,-121.3062
46.8182,-119.8623
46.827,-121.7693
46.8306,-121.3771
46.8306,-121.3771
46.8335,-120.7117
46.8335,-121.5351
46.8335,-121.5351
46.8335,-121.5351
46.8346,-121.8732
46.838,-121.897
46.8402,-122.2942
46.8421,-120.5335
46.8432,-122.3176
46.8437,-119.9644
46.8499,-121.7615
46.8554,-120.4833
46.8569,-121.3203
46.857,-121.3199
46.8581,-120.6982
46.8638,-122.3285
46.8657,-123.0514
46.8674,-121.5176
46.8689,-121.2933
46.8694,-121.5197
46.8694,-121.5196
46.871,-120.8261
46.8745,-121.517
46.8754,-121.5163
46.876,-121.5177
46.8879,-121.6105
46.8882,-121.6106
46.8884,-121.611
46.8893,-121.252
46.8901,-124.1041
46.8905,-121.5968
46.8905,-117.136
46.8907,-121.5968
46.8911,-121.5057
46.8938,-121.5792
46.8938,-121.5792
46.8951,-123.084
46.8957,-123.0921
46.897,-121.4323
46.8973,-120.5039
46.8977,-121.6755
46.8996,-120.6435
46.8996,-120.6435
46.9003,-121.6581
46.9019,-123.064
46.9019,-121.6446
46.9021,-121.6437
46.9021,-121.6437
46.9021,-121.6437
46.9021,-121.6437
46.903,-121.6299
46.9051,-123.048
46.9064,-121.4209
46.9113,-122.9113
46.9139,-121.6423
46.9145,-121.6435
46.9146,-121.6423
46.9146,-121.6423
46.9146,-121.6423
46.9146,-121.6423
46.9146,-121.6423
46.9146,-121.6423
46.9146,-121.6423
46.9146,-121.6423
46.9146,-121.6423
46.9149,-121.6411
46.915,-121.0523
46.9175,-121.5878
46.9175,-121.2309
46.9175,-121.5878
46.9194,-123.113
46.9227,-121.5336
46.9227,-121.5336
46.9271,-121.916
46.9282,-121.915
46.9306,-121.8672
46.9327,-121.8636
46.9327,-121.8636
46.9327,-121.8636
46.9329,-121.8653
46.9331,-121.8643
46.9332,-121.8645
46.9332,-121.3597
46.935,-121.9068
46.9357,-121.4743
46.9362,-121.9033
46.9366,-121.4765
46.9368,-119.2445
46.9374,-122.6102
46.9374,-121.8766
46.9378,-121.4746
46.9383,-121.4743
46.9386,-121.4731
46.9391,-123.0775
46.942,-122.6085
46.9437,-121.3273
46.9437,-121.3273
46.9449,-123.6502
46.946,-123.0985
46.9464,-124.1333
46.9477,-120.0358
46.9485,-123.194
46.9487,-121.3018
46.9493,-120.0092
46.9495,-119.2557
46.9518,-121.0794
46.9595,-120.2952
46.9597,-121.0864
46.9607,-120.0944
46.9607,-120.0944
46.9607,-120.0944
46.9607,-120.0944
46.9607,-120.0944
46.9641,-121.2675
46.9644,-121.4829
46.9646,-119.9643
46.9673,-119.3108
46.9695,-121.168
46.9714,-123.2744
46.9716,-121.4946
46.9766,-121.8306
46.9771,-121.8315
46.9771,-121.8315
46.9771,-121.8315
46.9771,-121.8315
46.9771,-121.8315
46.9771,-121.8315
46.9771,-121.8315
46.9785,-120.5673
46.9815,-121.1206
46.9819,-121.9421
46.9819,-121.9421
46.9823,-123.1411
46.9832,-121.8381
46.9906,-121.844
46.9924,-121.8506
46.993,-121.5116
46.9949,-121.9123
46.9963,-121.6413
46.9973,-123.594
46.9995,-121.5284
47.0008,-123.0042
47.0058,-123.1117
47.0073,-121.5237
47.0088,-121.5326
47.0089,-121.1156
47.0129,-121.4642
47.0136,-121.4657
47.0141,-122.9045
47.0142,-120.7054
47.0143,-117.9436
47.0241,-121.7339
47.0243,-121.5369
47.0248,-120.9406
47.0248,-120.9406
47.0259,-119.9805
47.0285,-122.8891
47.0304,-121.3266
47.0314,-121.8257
47.0319,-121.8269
47.0328,-121.5579
47.0336,-122.8392
47.0351,-121.5614
47.0369,-122.9127
47.0371,-121.5956
47.0394,-121.5596
47.042,-122.0399
47.0496,-123.1385
47.0512,-121.5222
47.058,-121.5731
47.058,-119.3933
47.0593,-120.6734
47.0622,-121.4972
47.0688,-122.7129
47.0697,-122.8943
47.0711,-120.7353
47.0752,-116.9589
47.0774,-122.9724
47.0923,-121.5842
47.093,-121.4049
47.0983,-122.6294
47.1054,-121.4751
47.1059,-121.4751
47.1059,-121.4751
47.1064,-122.6472
47.1141,-124.1771
47.1155,-120.9533
47.1156,-120.9534
47.1157,-121.4064
47.1204,-122.777
47.1269,-122.8538
47.1322,-121.4598
47.1325,-122.9017
47.153,-121.7005
47.1603,-121.6623
47.1604,-119.9808
47.1614,-119.9811
47.1625,-121.4805
47.1708,-120.8719
47.1735,-122.5078
47.1741,-121.1274
47.1774,-122.5592
47.1788,-121.9736
47.1914,-121.2237
47.1961,-120.9443
47.2099,-121.4904
47.2117,-122.5696
47.2227,-117.1076
47.2268,-122.3891
47.2289,-120.5703
47.2303,-122.8836
47.2331,-122.416
47.2414,-122.4921
47.253,-120.6702
47.2583,-122.7456
47.2669,-121.1755
47.2672,-121.1737
47.2672,-121.1737
47.2676,-121.1742
47.2702,-121.9373
47.2705,-120.9004
47.2764,-122.0894
47.2771,-122.0313
47.2811,-120.4349
47.285,-121.0914
47.2898,-122.3293
47.2915,-121.0064
47.2942,-120.3987
47.2953,-120.965
47.2955,-122.7509
47.2955,-120.9641
47.2965,-121.2889
47.297,-120.7596
47.2978,-120.9624
47.3008,-118.2523
47.3011,-121.9524
47.305,-122.5168
47.3085,-122.6807
47.3115,-120.5322
47.3122,-120.9478
47.3126,-120.424
47.3135,-120.535
47.3165,-122.4087
47.3206,-117.8423
47.3218,-121.3225
47.3227,-120.5265
47.3243,-119.7809
47.329,-120.5532
47.3307,-120.601
47.3308,-120.8537
47.3311,-120.6112
47.3314,-120.9377
47.3317,-120.6423
47.3322,-120.5786
47.3326,-121.4845
47.3329,-121.1803
47.3335,-117.7777
47.3348,-120.6342
47.3349,-120.5808
47.3354,-120.579
47.3357,-120.5804
47.3414,-120.9032
47.3414,-120.9032
47.3421,-120.9242
47.3441,-121.4246
47.3464,-121.1471
47.3465,-121.147
47.3507,-121.1364
47.3511,-120.707
47.3511,-120.707
47.3512,-122.6213
47.3512,-117.7106
47.3514,-121.1044
47.3515,-120.8412
47.3515,-120.8412
47.3528,-121.4703
47.3538,-123.5652
47.3542,-120.7187
47.3543,-120.7184
47.3556,-121.5195
47.3568,-121.8841
47.357,-121.1861
47.3587,-121.246
47.3593,-121.2486
47.361,-117.829
47.3614,-122.0248
47.3614,-120.8198
47.3623,-121.3582
47.363,-121.5306
47.3632,-121.3583
47.3642,-121.3582
47.3642,-121.3582
47.3642,-121.3582
47.366,-121.4199
47.366,-121.4199
47.3662,-120.8028
47.3664,-120.8027
47.3672,-122.4548
47.3675,-120.954
47.3683,-121.5107
47.3685,-120.7858
47.3691,-121.5291
47.3701,-121.4443
47.3706,-121.3581
47.3726,-121.1597
47.3728,-121.9752
47.3733,-121.1578
47.3739,-122.0557
47.3751,-121.9712
47.3774,-122.9738
47.3781,-120.8248
47.3784,-121.5162
47.3799,-122.0403
47.3812,-120.8857
47.3818,-122.4086
47.3821,-120.8862
47.3821,-120.4433
47.3835,-117.8337
47.3837,-121.1001
47.3847,-121.0813
47.3847,-121.3894
47.386,-121.0941
47.3882,-122.3743
47.3888,-120.8723
47.3888,-120.8723
47.3892,-120.8725
47.3892,-121.0744
47.3892,-120.8725
47.3895,-121.3803
47.3896,-122.1515
47.3899,-120.6673
47.39,-120.8724
47.39,-120.4247
47.3906,-121.3474
47.3907,-121.3964
47.3912,-121.5577
47.3912,-123.6024
47.3915,-121.3923
47.3927,-121.4744
47.3927,-121.4744
47.393,-121.3928
47.3946,-120.8757
47.3947,-121.3474
47.3958,-121.379
47.3958,-121.4775
47.3961,-121.4025
47.3968,-120.3295
47.3978,-121.3952
47.3979,-121.4866
47.3979,-121.486
47.3979,-121.486
47.3979,-121.4878
47.3979,-121.4878
47.398,-121.2843
47.398,-121.2843
47.3982,-121.4886
47.3993,-120.3957
47.4007,-121.519
47.4008,-121.2836
47.4008,-121.284
47.4011,-121.3738
47.4012,-121.2848
47.4014,-121.4084
47.4017,-121.3736
47.4027,-121.5227
47.4028,-121.1111
47.4033,-120.8386
47.4042,-118.7439
47.4042,-121.0989
47.4044,-121.0991
47.4044,-121.0991
47.4044,-121.0991
47.4058,-120.5076
47.4065,-121.6046
47.4084,-123.5852
47.4086,-121.3756
47.4092,-121.1038
47.4093,-121.6023
47.4094,-121.3677
47.4101,-121.2088
47.4104,-120.6578
47.4113,-120.3526
47.413,-121.4416
47.4132,-121.0589
47.4133,-121.4424
47.4138,-118.7412
47.4142,-121.5884
47.4149,-121.4434
47.4151,-121.4432
47.4152,-121.081
47.4152,-121.4433
47.4154,-121.4433
47.4154,-121.4433
47.4154,-121.4433
47.4155,-123.467
47.4168,-117.5311
47.4169,-123.3294
47.4171,-121.4406
47.4174,-120.9361
47.4176,-121.2373
47.4184,-121.0862
47.419,-123.3297
47.4195,-120.9396
47.4204,-118.69
47.4207,-120.351
47.4216,-120.9374
47.4219,-121.5117
47.4227,-122.3056
47.4234,-121.6736
47.4235,-121.4922
47.424,-123.5196
47.4247,-121.5836
47.4247,-121.5835
47.4248,-121.5835
47.4255,-121.4299
47.4257,-121.5843
47.4265,-121.4156
47.4267,-121.5864
47.4273,-121.4204
47.4273,-120.9497
47.4277,-121.4136
47.4278,-121.4135
47.4279,-121.4133
47.4282,-121.4124
47.4285,-121.3761
47.4287,-121.4134
47.4287,-121.4134
47.429,-121.4147
47.4292,-120.9377
47.4292,-120.9377
47.4293,-120.3684
47.4294,-121.7694
47.4299,-121.5912
47.4315,-121.6492
47.4325,-121.9727
47.4327,-120.5983
47.4329,-121.9711
47.4335,-121.7675
47.4335,-121.7675
47.4337,-121.1888
47.4338,-121.6325
47.4341,-121.7707
47.4343,-121.6327
47.4343,-121.6327
47.4344,-120.8454
47.4345,-121.6369
47.4347,-121.7687
47.4348,-121.4693
47.435,-121.1855
47.4354,-121.7719
47.4359,-120.9372
47.4361,-120.9372
47.4364,-121.6612
47.4365,-122.471
47.4366,-123.4444
47.4367,-120.9372
47.4367,-120.9372
47.437,-122.0941
47.4375,-122.085
47.4381,-122.8366
47.4381,-121.6611
47.4407,-121.4203
47.4408,-121.6253
47.4418,-121.4225
47.442,-121.6761
47.442,-121.6722
47.4425,-121.9776
47.4425,-121.9776
47.443,-121.9768
47.4432,-121.9762
47.4432,-120.9399
47.4434,-121.976
47.4453,-121.4235
47.4453,-121.4234
47.4454,-121.423
47.4454,-121.4235
47.4454,-121.423
47.4454,-121.4235
47.4454,-121.4235
47.4456,-121.4235
47.4468,-122.1087
47.4474,-121.3827
47.448,-123.5527
47.4525,-119.2531
47.4538,-121.0417
47.4544,-121.9783
47.4558,-121.0485
47.456,-121.3866
47.456,-121.6049
47.457,-123.7326
47.457,-121.4445
47.4572,-123.7318
47.4572,-123.7318
47.4575,-121.0705
47.4581,-119.8769
47.4586,-115.936
47.4598,-123.8634
47.4599,-123.8621
47.4601,-120.3305
47.462,-120.3827
47.4623,-121.281
47.4628,-120.6732
47.4634,-121.6708
47.4652,-121.5115
47.4659,-121.9289
47.4669,-121.9333
47.4669,-121.9333
47.467,-122.4652
47.467,-123.8455
47.4674,-121.6748
47.4675,-121.6748
47.4676,-121.9311
47.4683,-121.9363
47.4698,-121.6686
47.4699,-121.6685
47.4703,-123.5236
47.4708,-123.5273
47.4713,-121.6657
47.4724,-121.3604
47.4729,-121.9102
47.4751,-120.9031
47.4755,-120.5837
47.478,-123.9034
47.479,-121.0024
47.4794,-123.4521
47.4794,-123.4521
47.4807,-122.0554
47.4808,-122.0554
47.4808,-121.9663
47.481,-120.6821
47.4817,-122.0532
47.4818,-122.0541
47.4823,-121.9242
47.4832,-121.5088
47.4839,-123.4554
47.484,-121.9761
47.4841,-122.0434
47.4842,-121.2029
47.4842,-121.2029
47.4851,-119.898
47.486,-121.7009
47.4861,-121.7009
47.4862,-121.6995
47.4862,-121.7012
47.4866,-121.6736
47.4874,-121.7556
47.4878,-121.7563
47.4878,-121.7563
47.4878,-121.6876
47.488,-121.7231
47.488,-121.7231
47.4883,-121.9462
47.4885,-121.9288
47.4893,-122.5457
47.4933,-123.211
47.4956,-123.2676
47.4964,-123.7946
47.4986,-119.9117
47.4988,-121.9255
47.5,-122.2149
47.5,-122.0219
47.5,-122.0551
47.5,-122.0218
47.5001,-121.4467
47.5015,-123.3206
47.5026,-123.3243
47.5028,-122.0422
47.5028,-122.1119
47.5045,-122.0469
47.5054,-122.0476
47.5055,-122.0558
47.5056,-122.0624
47.5065,-121.0592
47.5066,-123.2321
47.5066,-122.0867
47.5076,-121.9582
47.5087,-123.3221
47.509,-122.0328
47.5092,-121.8434
47.5093,-122.0904
47.5104,-121.3495
47.5106,-122.0434
47.5119,-122.0563
47.5127,-122.0604
47.5128,-121.9486
47.5143,-122.077
47.5143,-122.091
47.5153,-123.3229
47.5153,-123.3259
47.5157,-123.3295
47.5157,-121.8446
47.5158,-123.33
47.5159,-121.6134
47.5159,-121.6134
47.516,-123.3258
47.5161,-123.3276
47.5161,-123.3276
47.5162,-123.3311
47.5163,-121.4523
47.5171,-121.4536
47.5172,-121.4552
47.5174,-121.4542
47.5174,-119.4938
47.5174,-121.4542
47.5179,-122.0367
47.5182,-123.3324
47.5193,-122.0298
47.5195,-122.0299
47.5198,-121.9707
47.5204,-123.2352
47.5211,-122.056
47.5226,-122.1655
47.523,-122.0578
47.523,-122.027
47.523,-122.027
47.523,-122.0576
47.5241,-122.1151
47.5263,-121.9364
47.5264,-122.0085
47.5269,-122.0641
47.527,-122.0123
47.5273,-122.0645
47.5277,-120.821
47.5277,-120.821
47.5279,-120.8207
47.5279,-120.8205
47.5279,-120.8207
47.5279,-121.7093
47.528,-120.8207
47.5282,-122.096
47.5283,-123.7066
47.5284,-122.0363
47.5292,-121.9953
47.5295,-122.0087
47.5296,-121.9957
47.5296,-121.9844
47.5296,-121.9956
47.5296,-121.9957
47.5296,-121.9961
47.5296,-121.9957
47.5296,-121.9961
47.5296,-121.9957
47.5297,-122.0987
47.5297,-121.9961
47.5298,-122.0231
47.5299,-121.9962
47.53,-120.8179
47.5301,-122.103
47.5301,-122.103
47.5301,-122.103
47.5301,-122.103
47.5301,-122.103
47.5304,-121.9794
47.5304,-121.9794
47.5304,-121.9436
47.5304,-121.9436
47.5304,-121.9436
47.5304,-121.9436
47.5304,-121.9436
47.5305,-121.9791
47.5311,-122.1141
47.5315,-122.3927
47.5326,-117.4215
47.5329,-121.0826
47.5335,-122.1126
47.5344,-119.2865
47.5345,-122.1285
47.5345,-122.1285
47.5348,-122.1288
47.5348,-122.1288
47.5348,-122.1288
47.5359,-120.814
47.536,-120.8139
47.536,-120.8139
47.5365,-121.0919
47.5373,-121.5775
47.5379,-122.0888
47.5381,-121.5314
47.54,-120.5202
47.5401,-122.0951
47.5404,-122.2229
47.5409,-122.0964
47.541,-122.0963
47.5411,-122.096
47.5421,-121.0943
47.5423,-122.4829
47.5429,-122.0802
47.5429,-122.0804
47.543,-121.5511
47.543,-121.5511
47.5431,-121.0976
47.5432,-121.0975
47.5434,-121.0971
47.5435,-121.097
47.5437,-121.837
47.5441,-120.7097
47.5443,-121.097
47.5443,-121.0973
47.5452,-121.0984
47.5465,-120.7914
47.5465,-120.7914
47.5465,-120.7914
47.5474,-122.0713
47.5475,-121.541
47.5475,-121.541
47.5476,-120.6888
47.548,-121.5372
47.548,-121.5384
47.548,-121.5384
47.5499,-122.2577
47.5502,-120.6867
47.5502,-120.7658
47.5517,-122.8266
47.5518,-122.3524
47.5519,-122.8277
47.5521,-122.8276
47.5521,-122.8276
47.5542,-122.1666
47.5554,-122.3753
47.5597,-121.5328
47.5597,-121.5328
47.5598,-123.6637
47.5609,-121.5323
47.561,-121.0515
47.5614,-121.5321
47.5641,-120.3332
47.565,-120.3206
47.5662,-117.4933
47.5666,-121.5329
47.5675,-123.6553
47.5692,-120.6788
47.5697,-122.0154
47.5712,-123.1315
47.5712,-123.1315
47.572,-117.2897
47.5726,-123.5699
47.5728,-123.5698
47.5728,-123.5698
47.5728,-123.5693
47.573,-123.5694
47.5737,-120.6436
47.5747,-121.7362
47.5753,-123.2612
47.5754,-121.7381
47.5755,-123.6478
47.5757,-123.6481
47.5776,-122.4023
47.5783,-120.7969
47.5824,-117.113
47.583,-120.6834
47.5836,-123.2347
47.5855,-119.3557
47.5855,-119.3557
47.5871,-120.7076
47.5883,-120.599
47.5883,-123.1911
47.589,-120.6675
47.5915,-122.1933
47.5924,-122.131
47.5927,-122.2445
47.5954,-123.1229
47.5966,-122.1322
47.5974,-121.9919
47.5976,-122.598
47.5989,-121.1803
47.5991,-122.0083
47.5997,-123.1512
47.5997,-123.1512
47.6009,-123.1456
47.6009,-123.1456
47.6053,-117.2808
47.6055,-124.0655
47.6059,-120.917
47.606,-120.9185
47.607,-120.8845
47.6076,-120.8497
47.6085,-122.1118
47.6086,-120.882
47.6086,-120.8945
47.6086,-120.8945
47.6089,-121.3861
47.6089,-120.8938
47.6095,-122.3415
47.6097,-122.5637
47.6098,-120.892
47.6098,-120.8903
47.61,-122.1781
47.6101,-122.1749
47.6101,-120.9451
47.6105,-117.0409
47.6124,-120.95
47.6125,-120.9499
47.6129,-118.4005
47.6129,-124.3762
47.6134,-120.9497
47.616,-122.9085
47.6164,-121.9923
47.6164,-124.0321
47.6244,-122.1077
47.6245,-124.0143
47.6271,-118.559
47.6286,-120.6558
47.6286,-117.4297
47.6311,-117.0586
47.6345,-122.7548
47.6349,-121.3036
47.6365,-121.5234
47.637,-123.1908
47.6371,-122.1148
47.6395,-121.5283
47.6408,-122.2943
47.6416,-122.2905
47.6422,-117.1263
47.6423,-122.0375
47.6432,-117.4625
47.6442,-121.9269
47.6455,-121.9548
47.646,-122.3362
47.6467,-121.5956
47.6475,-120.2317
47.6493,-121.6456
47.6503,-117.291
47.6503,-117.291
47.6528,-117.2932
47.6529,-121.1887
47.6529,-121.1943
47.6529,-121.1889
47.6533,-119.6678
47.655,-122.1843
47.655,-117.2888
47.6551,-121.188
47.6567,-120.7211
47.6576,-122.4065
47.6579,-122.4061
47.658,-122.2906
47.6589,-121.323
47.6659,-121.2881
47.6672,-117.4876
47.6678,-121.4491
47.669,-122.3401
47.6719,-121.3976
47.672,-122.3144
47.6744,-121.508
47.6753,-121.3923
47.6764,-123.0205
47.678,-120.7324
47.6791,-121.2652
47.6793,-120.8699
47.6807,-122.9923
47.6807,-122.1919
47.6845,-121.9286
47.6845,-123.0595
47.6866,-122.9506
47.6875,-120.7349
47.6876,-122.8999
47.6882,-121.2968
47.6884,-121.5654
47.6889,-120.7408
47.6892,-120.7388
47.6892,-120.7388
47.6898,-120.7374
47.6905,-122.9052
47.6928,-121.8504
47.6931,-122.1973
47.6937,-121.4267
47.6962,-117.4941
47.6964,-117.495
47.6968,-122.0515
47.6968,-117.4936
47.6996,-121.5335
47.7019,-121.4664
47.7033,-122.3634
47.7065,-121.15
47.7078,-121.1567
47.7092,-122.9205
47.7093,-121.1066
47.7094,-121.1065
47.7099,-124.4136
47.712,-121.1936
47.712,-121.1623
47.7128,-121.1073
47.7142,-121.193
47.7146,-121.3992
47.7146,-121.1934
47.7168,-117.1962
47.7185,-121.1099
47.7188,-117.1967
47.7188,-121.0977
47.7214,-117.1817
47.7243,-122.2368
47.7249,-123.0028
47.7268,-121.2655
47.7283,-120.8437
47.7283,-120.8437
47.7292,-121.2065
47.7293,-121.2065
47.7295,-117.1415
47.7323,-121.2079
47.7329,-122.2583
47.7331,-120.8918
47.7333,-123.1523
47.7341,-122.3619
47.7349,-123.085
47.7365,-123.1688
47.7365,-123.1688
47.7378,-123.1764
47.7389,-123.0736
47.7398,-121.4437
47.7418,-123.053
47.7436,-120.3686
47.7443,-121.0965
47.7454,-121.089
47.7457,-121.9076
47.7465,-121.0865
47.7466,-122.3102
47.7472,-121.1271
47.7473,-121.0885
47.7479,-121.0889
47.7479,-121.0883
47.7486,-120.6743
47.749,-122.2963
47.7493,-124.4085
47.7501,-122.0337
47.751,-120.894
47.7518,-122.3604
47.7539,-117.5508
47.7574,-120.5281
47.7589,-120.4271
47.7669,-121.1939
47.7706,-120.9272
47.7711,-120.9803
47.7713,-117.4211
47.7716,-121.0136
47.7717,-117.4209
47.772,-121.0123
47.7722,-120.833
47.7725,-121.0741
47.7727,-121.0143
47.7727,-121.0125
47.774,-122.9145
47.7754,-121.8492
47.7756,-122.9137
47.7757,-120.9581
47.7773,-117.2802
47.7777,-120.9531
47.778,-121.3848
47.78,-122.5509
47.7815,-123.0521
47.7818,-121.5884
47.7818,-121.5884
47.7828,-117.4966
47.7833,-121.1103
47.7835,-122.9649
47.7842,-121.4509
47.7842,-121.0388
47.7845,-121.0323
47.7847,-121.0343
47.7874,-122.298
47.7882,-120.7923
47.7884,-121.4482
47.7895,-122.9283
47.7897,-122.3293
47.7898,-122.0819
47.7904,-122.1415
47.7908,-120.8847
47.7912,-120.8848
47.7917,-121.4559
47.7923,-120.7944
47.7923,-121.4593
47.7928,-122.3308
47.7931,-121.6449
47.7966,-121.2622
47.7966,-121.2622
47.7989,-121.0651
47.7993,-123.9545
47.8,-120.7239
47.8002,-120.5724
47.8011,-121.5196
47.8013,-117.1211
47.802,-121.0781
47.8023,-121.0772
47.8048,-120.0461
47.8084,-121.5352
47.8085,-122.3609
47.809,-121.5738
47.8098,-120.9949
47.8109,-118.3104
47.8112,-121.0826
47.8112,-121.0826
47.8143,-122.3456
47.8164,-121.4446
47.8174,-121.5714
47.8194,-119.9731
47.82,-122.9361
47.8204,-120.311
47.8216,-120.8064
47.8219,-122.8834
47.823,-121.2053
47.8238,-120.8096
47.8259,-121.5163
47.8264,-122.3414
47.8264,-121.2771
47.8268,-123.1166
47.8273,-120.9527
47.8274,-121.2076
47.8278,-121.0297
47.8278,-123.0408
47.8279,-121.0303
47.828,-123.0413
47.8302,-122.3324
47.8337,-123.0163
47.8355,-122.2188
47.8362,-120.5722
47.8367,-122.3402
47.8376,-121.505
47.8379,-120.7976
47.8391,-120.8404
47.8402,-120.0192
47.844,-120.6025
47.844,-120.6025
47.8486,-121.6146
47.8491,-121.9707
47.8508,-120.9339
47.8512,-123.586
47.8536,-123.9512
47.8536,-123.9512
47.8536,-123.9512
47.8538,-121.5022
47.8548,-120.8447
47.8558,-122.3175
47.8559,-123.036
47.8564,-123.0359
47.8564,-123.0359
47.8576,-123.0946
47.8581,-120.9701
47.8592,-123.012
47.8592,-121.4648
47.8595,-123.9344
47.8597,-123.9337
47.8604,-120.9707
47.8611,-122.0589
47.8615,-122.0932
47.8625,-122.0098
47.8635,-119.1296
47.8654,-119.0876
47.8657,-119.0833
47.8664,-121.0753
47.8669,-121.678
47.8669,-121.682
47.867,-121.6782
47.867,-120.1795
47.8679,-121.6804
47.8681,-121.0711
47.872,-123.0889
47.8746,-117.691
47.8749,-121.0148
47.8758,-121.461
47.8758,-121.461
47.8762,-121.0409
47.8776,-123.1369
47.8776,-123.1357
47.8779,-123.137
47.8779,-123.137
47.8785,-122.2238
47.8805,-122.3311
47.8822,-124.275
47.8851,-117.0833
47.8851,-117.0833
47.8851,-117.0833
47.8857,-117.1315
47.8859,-117.0864
47.8859,-117.1304
47.8862,-123.0916
47.8866,-123.0419
47.8882,-117.1249
47.8895,-122.207
47.8904,-124.6031
47.8905,-120.4392
47.8906,-124.599
47.8926,-122.9848
47.8948,-123.1201
47.8953,-121.036
47.896,-120.8223
47.8982,-124.6238
47.8983,-121.4014
47.9016,-121.0766
47.9036,-117.0992
47.9044,-117.1245
47.9046,-117.1247
47.9047,-117.1026
47.9047,-117.1027
47.9048,-117.1027
47.908,-122.5562
47.9115,-122.5291
47.912,-123.1427
47.9145,-122.3863
47.915,-122.2976
47.9154,-121.3124
47.918,-123.3821
47.918,-123.3757
47.9181,-124.6027
47.9182,-121.0859
47.9183,-121.0874
47.9183,-121.0874
47.9183,-121.0874
47.9184,-123.3821
47.9205,-120.8949
47.9211,-124.6382
47.9228,-123.0261
47.9228,-117.3513
47.9245,-121.2839
47.9251,-121.2819
47.9255,-122.6008
47.9267,-121.2771
47.9277,-123.824
47.9279,-121.2731
47.9307,-123.0946
47.9328,-122.2607
47.9345,-123.3209
47.9368,-123.0072
47.9377,-124.1654
47.9392,-120.5526
47.9394,-120.0419
47.9396,-123.4195
47.9396,-123.4195
47.9397,-123.7677
47.9426,-123.0951
47.9458,-123.4255
47.9458,-123.4255
47.9468,-122.2921
47.9473,-123.1958
47.9478,-122.1925
47.9485,-123.4766
47.9497,-123.2648
47.9506,-123.8152
47.9516,-120.7692
47.9516,-120.7692
47.9529,-120.7726
47.9546,-123.2594
47.9551,-123.8353
47.9552,-123.8351
47.9553,-123.8358
47.9558,-120.5345
47.9588,-120.5358
47.9609,-123.5744
47.961,-120.9413
47.961,-120.9413
47.962,-123.1124
47.9622,-123.8499
47.9631,-120.9437
47.9632,-120.9455
47.9632,-120.9455
47.9643,-124.6635
47.9643,-123.5844
47.965,-123.193
47.9654,-123.1938
47.967,-123.1274
47.9676,-123.5824
47.9676,-123.5824
47.9688,-123.8638
47.9688,-118.9852
47.9693,-123.8641
47.9694,-123.4985
47.9696,-120.2158
47.9699,-120.789
47.97,-123.8627
47.9701,-123.495
47.9703,-121.556
47.9704,-123.5036
47.9704,-122.8108
47.9714,-120.7909
47.973,-123.1773
47.9733,-121.6844
47.9738,-123.4767
47.9741,-123.5856
47.9747,-121.5795
47.9753,-121.8471
47.9754,-121.6865
47.9766,-123.5178
47.977,-121.1472
47.9775,-123.6861
47.9775,-123.6925
47.9776,-123.693
47.9786,-120.7266
47.9793,-121.6909
47.9819,-120.279
47.9826,-122.5142
47.9835,-121.3809
47.9838,-123.4525
47.9838,-123.4524
47.9868,-123.6519
47.9869,-120.3108
47.987,-121.393
47.9871,-123.4609
47.9942,-122.1793
47.9982,-123.9021
48.0002,-122.1756
48.0012,-120.9634
48.0012,-121.294
48.0019,-123.6044
48.0029,-123.6006
48.0039,-122.2283
48.0058,-120.5763
48.0063,-123.1753
48.0108,-123.911
48.0113,-120.5722
48.0119,-122.2043
48.012,-120.623
48.0138,-123.5878
48.0179,-122.8039
48.0181,-120.5055
48.0237,-121.6408
48.0238,-120.647
48.0244,-120.6512
48.0251,-121.4779
48.0251,-121.4437
48.0254,-120.8276
48.0258,-120.8286
48.0261,-121.4425
48.0265,-121.444
48.0265,-121.444
48.027,-121.4447
48.0273,-123.5894
48.0293,-121.2893
48.0294,-119.9358
48.0305,-121.4429
48.0318,-123.5959
48.0319,-122.7291
48.0326,-121.6835
48.0336,-121.6851
48.0337,-121.6858
48.0349,-121.4456
48.035,-123.4245
48.0371,-121.479
48.0371,-121.479
48.0381,-121.4359
48.0389,-124.6824
48.0391,-123.4319
48.0391,-123.4319
48.0427,-122.4628
48.0448,-121.2588
48.0448,-121.2588
48.0477,-121.7142
48.0477,-121.7144
48.0501,-122.5679
48.0534,-121.2769
48.0536,-123.9893
48.0536,-123.9893
48.0537,-121.4113
48.0538,-121.49
48.0562,-122.5907
48.0571,-123.5011
48.0573,-121.4923
48.0578,-123.7884
48.0578,-123.7884
48.0578,-123.7884
48.0578,-121.2882
48.0584,-121.2878
48.0584,-121.2866
48.0587,-121.736
48.0588,-121.2899
48.0598,-121.737
48.0621,-121.8107
48.0651,-121.5068
48.0654,-121.6323
48.0659,-121.5107
48.0659,-123.8591
48.0674,-120.8406
48.0685,-124.1083
48.0701,-121.3753
48.0701,-121.3753
48.0705,-121.4967
48.0709,-121.495
48.071,-121.6548
48.0719,-121.6067
48.0728,-121.6547
48.0731,-121.5225
48.0746,-120.6434
48.0747,-122.7896
48.0761,-124.0131
48.0769,-122.9379
48.077,-121.7457
48.0771,-120.8579
48.0771,-120.8579
48.0774,-121.9325
48.0776,-121.7469
48.0784,-121.5671
48.0808,-117.324
48.0823,-120.8357
48.0825,-120.8351
48.0829,-121.774
48.0829,-120.835
48.0829,-120.835
48.0829,-121.774
48.083,-120.8349
48.0831,-120.835
48.0837,-121.7831
48.0849,-121.5523
48.0863,-121.3084
48.0877,-121.7695
48.0933,-123.8025
48.0936,-121.3368
48.0936,-121.7998
48.0946,-123.4556
48.0948,-122.7228
48.0958,-121.3492
48.0977,-123.5526
48.0985,-121.3709
48.0993,-123.426
48.0998,-123.4344
48.1019,-121.5912
48.1048,-120.8319
48.1071,-120.3385
48.1101,-121.8558
48.1103,-118.9709
48.1113,-122.5756
48.1136,-121.5791
48.1154,-121.5924
48.1154,-121.5925
48.117,-121.5226
48.1199,-120.303
48.122,-122.491
48.1224,-120.8823
48.1231,-121.4489
48.1244,-124.706
48.1322,-122.5031
48.1388,-122.361
48.1413,-123.1899
48.1413,-123.1905
48.1438,-122.7551
48.1454,-121.4161
48.146,-120.4945
48.1466,-120.4983
48.1473,-123.8235
48.1536,-124.6679
48.1537,-124.6687
48.154,-124.669
48.1548,-124.6672
48.1549,-121.2662
48.1573,-121.6093
48.1577,-121.4906
48.1622,-123.6986
48.1697,-121.6878
48.1705,-121.467
48.1706,-121.4721
48.1723,-121.5847
48.1725,-122.683
48.1751,-120.2613
48.1797,-122.0837
48.1814,-120.427
48.1873,-121.3684
48.1878,-121.3697
48.1894,-121.3709
48.1907,-120.6278
48.1921,-121.0386
48.1937,-121.7716
48.1937,-121.7702
48.1958,-121.5994
48.1966,-121.7752
48.1975,-120.9465
48.1987,-122.1251
48.1992,-120.7514
48.1995,-120.7792
48.2002,-120.5915
48.2006,-120.7864
48.2006,-120.7864
48.2007,-122.1268
48.2007,-120.7733
48.2049,-122.706
48.2083,-122.3654
48.2088,-121.6298
48.2111,-122.4422
48.2124,-121.4262
48.2145,-122.482
48.2154,-121.5588
48.2188,-120.2236
48.2191,-121.5693
48.2204,-120.2678
48.2204,-120.2678
48.2217,-121.5772
48.2226,-122.764
48.227,-122.7403
48.2309,-122.3823
48.2447,-121.1888
48.2457,-121.191
48.2481,-121.1921
48.2498,-121.1936
48.2509,-121.8172
48.2588,-124.6828
48.2595,-121.2229
48.2604,-120.4431
48.2613,-120.0806
48.2615,-121.7063
48.2617,-121.6788
48.2662,-121.2457
48.2674,-120.4643
48.2702,-121.7065
48.2707,-121.3573
48.2738,-117.6562
48.2759,-120.29
48.2828,-122.73
48.2872,-120.3283
48.2897,-117.1075
48.2937,-124.6651
48.3004,-117.5628
48.3081,-122.7073
48.3088,-121.6111
48.3093,-120.6565
48.3106,-121.8506
48.3111,-120.3368
48.3115,-120.3362
48.313,-120.6541
48.3206,-121.3699
48.3241,-120.1846
48.3261,-120.6793
48.3372,-122.3581
48.3378,-120.6941
48.3379,-120.6941
48.3405,-120.7025
48.3415,-122.5699
48.3422,-120.7013
48.3428,-120.9161
48.3453,-120.7213
48.3526,-120.4071
48.3534,-123.702
48.3648,-120.4181
48.3657,-120.1323
48.3796,-120.832
48.3801,-120.8376
48.3801,-120.838
48.3807,-120.8403
48.3807,-120.8403
48.3844,-124.7157
48.3853,-122.5006
48.3957,-120.4502
48.3972,-120.4672
48.3977,-122.6262
48.3982,-122.541
48.3985,-122.3028
48.3987,-122.5865
48.4008,-122.662
48.4034,-122.6475
48.4035,-122.6195
48.4137,-122.6486
48.4167,-122.6594
48.4169,-122.6512
48.417,-122.6439
48.4171,-122.6448
48.4183,-121.8228
48.421,-122.5529
48.4247,-122.8774
48.4265,-121.3692
48.4269,-117.6709
48.4272,-121.37
48.4297,-120.0612
48.4298,-122.8174
48.4306,-122.6641
48.432,-122.6744
48.4325,-120.9244
48.4326,-120.8811
48.4327,-122.8223
48.4348,-120.5201
48.4352,-120.5195
48.4362,-117.1964
48.4395,-120.5312
48.4533,-120.5558
48.4536,-122.9634
48.456,-120.12
48.4575,-122.4136
48.4586,-120.5675
48.4586,-121.8608
48.4586,-120.5675
48.4617,-117.7319
48.4617,-117.7322
48.4621,-120.2441
48.4627,-122.9373
48.4631,-122.6049
48.4637,-122.9991
48.4645,-123.0239
48.4649,-123.0243
48.4653,-121.1562
48.4671,-119.8821
48.4676,-122.6295
48.469,-122.6294
48.4697,-121.2395
48.4732,-120.2974
48.4751,-122.6272
48.4754,-121.0751
48.4755,-121.075
48.4799,-123.5483
48.4802,-122.5813
48.4802,-120.1855
48.4803,-122.4731
48.4813,-118.7281
48.4818,-118.7353
48.482,-121.0804
48.4837,-122.4777
48.4841,-120.2992
48.4875,-121.7874
48.488,-121.6142
48.4916,-122.6363
48.4929,-121.5548
48.496,-118.4079
48.4977,-120.1521
48.4982,-122.6919
48.4991,-122.6927
48.5021,-121.0676
48.5036,-122.6706
48.5042,-122.6449
48.5071,-120.2197
48.5075,-120.7312
48.5076,-120.731
48.5076,-120.731
48.5091,-120.6936
48.5136,-121.1964
48.5136,-122.5992
48.5143,-120.6425
48.5148,-121.2152
48.515,-120.7355
48.5155,-118.8356
48.5156,-120.7362
48.5156,-120.7362
48.5158,-123.1502
48.5162,-120.7354
48.5167,-121.9059
48.5179,-122.2087
48.518,-120.7352
48.5181,-120.7331
48.5182,-120.7339
48.5185,-118.738
48.5191,-120.6742
48.5213,-121.6071
48.5245,-120.6581
48.5255,-122.1946
48.5269,-120.6506
48.5292,-123.0989
48.5363,-122.8595
48.537,-121.294
48.5372,-121.2938
48.5416,-121.4479
48.5429,-122.0531
48.5445,-122.5945
48.5477,-122.4871
48.548,-120.6306
48.55,-120.6306
48.5563,-120.6547
48.5564,-120.6547
48.5615,-118.5813
48.5643,-120.5399
48.5673,-119.9042
48.5676,-118.6757
48.5688,-122.8846
48.5715,-122.4186
48.5772,-118.5233
48.5792,-120.4787
48.5792,-120.4787
48.5798,-123.1437
48.5799,-120.627
48.5804,-120.482
48.581,-121.5614
48.5817,-118.2337
48.5849,-122.9279
48.5852,-118.1412
48.5865,-123.1479
48.5866,-123.1468
48.5867,-122.6955
48.5875,-119.6944
48.5879,-120.8029
48.5893,-121.394
48.5938,-120.3985
48.5977,-123.1317
48.5983,-120.5137
48.6019,-118.4734
48.6026,-122.7043
48.6049,-118.4699
48.6066,-118.4776
48.6084,-122.6088
48.6085,-122.8264
48.6086,-122.4334
48.6091,-118.4845
48.6105,-123.1471
48.6113,-122.4231
48.6149,-117.9001
48.6153,-123.048
48.6169,-122.3857
48.6185,-121.737
48.62,-122.34
48.6238,-117.5316
48.6242,-118.2398
48.6293,-122.4646
48.6311,-118.4935
48.6337,-117.1017
48.6346,-120.1559
48.6384,-122.4795
48.6387,-120.8513
48.6395,-121.7237
48.641,-122.9775
48.6416,-122.9771
48.6446,-122.3302
48.6451,-122.3563
48.6456,-121.6746
48.6459,-122.3542
48.6468,-122.4626
48.648,-122.846
48.648,-122.846
48.6488,-122.4888
48.6492,-120.5653
48.6511,-121.3412
48.6513,-119.4383
48.6515,-120.4022
48.6534,-122.4902
48.6537,-121.3242
48.6538,-121.784
48.6546,-117.4849
48.655,-122.8188
48.6562,-122.8548
48.6562,-120.5127
48.6565,-121.7723
48.6569,-122.818
48.657,-122.819
48.657,-119.9765
48.6583,-120.5266
48.6585,-117.7662
48.6587,-122.4712
48.6593,-118.8588
48.663,-119.9648
48.665,-120.5405
48.6658,-121.2669
48.6747,-121.6017
48.6749,-121.242
48.675,-121.6214
48.6751,-118.5005
48.6753,-118.8995
48.676,-121.2433
48.6765,-123.2045
48.6767,-122.483
48.6774,-122.4255
48.6786,-121.7103
48.6797,-121.897
48.6852,-121.0929
48.6855,-121.0925
48.6905,-121.098
48.6907,-122.4529
48.6925,-121.0978
48.6925,-121.0978
48.6925,-121.903
48.6948,-122.6626
48.696,-122.8916
48.6979,-122.4781
48.6981,-122.6745
48.6983,-120.6368
48.6999,-122.4897
48.7,-119.9532
48.7005,-122.4895
48.7008,-122.4893
48.7008,-122.4893
48.7021,-122.4531
48.7024,-120.6726
48.7027,-118.4665
48.7029,-120.105
48.7029,-120.9103
48.705,-119.4394
48.7055,-120.9608
48.706,-120.9732
48.706,-120.925
48.7061,-121.8096
48.7061,-121.8096
48.7063,-120.9185
48.7064,-120.9177
48.7064,-120.9169
48.7065,-120.9185
48.7067,-121.8122
48.7067,-121.8122
48.7068,-120.9186
48.7071,-121.8126
48.7079,-120.9771
48.7098,-121.1452
48.714,-121.6903
48.7176,-121.0741
48.7178,-118.6641
48.7179,-121.1455
48.7191,-122.3554
48.7206,-121.1216
48.7241,-121.0664
48.7255,-122.5051
48.7268,-121.0611
48.7269,-120.7499
48.7274,-121.0628
48.7277,-120.6643
48.7285,-118.5216
48.7302,-122.309
48.7302,-120.7806
48.7308,-122.6934
48.732,-122.3769
48.7321,-120.6751
48.7323,-120.6682
48.7326,-120.6669
48.7329,-118.9816
48.733,-122.4846
48.7338,-120.6752
48.7338,-120.6752
48.7411,-120.2923
48.7424,-118.38
48.7462,-121.9467
48.7507,-120.2055
48.7507,-121.556
48.7507,-121.556
48.7525,-122.428
48.7528,-122.9043
48.7544,-121.5967
48.7558,-121.579
48.7609,-118.4328
48.7612,-118.4349
48.7634,-121.6997
48.7648,-121.6699
48.7654,-118.488
48.7665,-117.0624
48.7669,-122.5163
48.777,-120.6387
48.7825,-120.3179
48.7825,-120.3179
48.7831,-120.1613
48.7844,-120.3177
48.7846,-122.9641
48.7856,-120.2034
48.7928,-119.1618
48.8021,-121.8957
48.8064,-117.1945
48.8072,-121.8973
48.8075,-117.2584
48.8113,-118.9322
48.822,-120.0198
48.8263,-120.0195
48.8297,-122.0629
48.8381,-121.9044
48.8404,-117.2852
48.8463,-121.6927
48.8464,-121.6924
48.8467,-121.691
48.8467,-121.691
48.8467,-121.691
48.8468,-121.6926
48.8469,-121.6925
48.8496,-121.6863
48.8498,-121.6849
48.8511,-121.6861
48.8519,-117.2863
48.8526,-119.0491
48.8533,-121.6818
48.8541,-117.2876
48.8579,-121.6822
48.8616,-121.7859
48.8632,-121.6793
48.8664,-121.6548
48.8666,-121.6779
48.8672,-117.1533
48.8697,-121.7972
48.875,-121.3617
48.8783,-117.2448
48.8784,-121.2527
48.8809,-121.8646
48.8832,-118.7678
48.8841,-117.526
48.8848,-119.8667
48.8848,-119.8667
48.8848,-119.8667
48.8872,-122.7795
48.8899,-121.6749
48.8946,-121.6753
48.8972,-121.6523
48.9023,-121.9117
48.903,-119.4236
48.9035,-121.6948
48.906,-117.5208
48.9069,-122.766
48.9076,-121.6941
48.9086,-119.9041
48.9093,-121.8032
48.9101,-121.5927
48.9101,-121.5927
48.9102,-121.5917
48.9102,-121.5912
48.9115,-117.501
48.9123,-121.8578
48.9136,-121.7006
48.9175,-120.6316
48.9244,-122.262
48.9245,-122.2616
48.9245,-122.0771
48.927,-121.6791
48.939,-119.443
48.9435,-121.6625
48.9435,-121.6625
48.9454,-121.6484
48.9457,-117.1519
48.9523,-121.6358
48.9526,-121.6358
48.9567,-121.8526
48.9586,-117.0775
48.9593,-121.807
48.9734,-123.0816
48.9754,-123.083
48.9765,-123.0616
48.9869,-121.9346
48.9946,-117.3705
49.0159,-123.0413
49.04,-121.0697
49.0985,-123.1784
